{"cameraMode":{"drawMode":0,"name":"Shaded","section":"Shading Mode"},"sceneLighting":true,"audioPlay":false,"sceneViewState":{"m_AlwaysRefresh":false,"showFog":true,"showSkybox":true,"showFlares":true,"showImageEffects":true,"showParticleSystems":true,"showVisualEffectGraphs":true,"m_FxEnabled":true},"in2DMode":false,"pivot":{"x":-11.607583999633789,"y":-13.491277694702149,"z":11.043962478637696},"rotation":{"x":-0.24171465635299684,"y":0.7548105716705322,"z":-0.3875192403793335,"w":-0.4708120822906494},"size":25.888870239257814,"orthographic":false}